{"initial_reset_timestamp": 1548330598.960324, "timestamps": [1548330599.8098078, 1548330600.5604296, 1548330600.6257899, 1548330600.630148, 1548330600.6916559, 1548330600.8543782, 1548330600.922691, 1548330601.0325944, 1548330602.2641962, 1548330602.3939307, 1548330602.4406664, 1548330602.493162, 1548330602.541527, 1548330602.595205, 1548330602.6207001, 1548330602.6557531, 1548330602.6833568, 1548330602.7098944, 1548330602.738276, 1548330602.7620904, 1548330602.787708, 1548330602.810712, 1548330602.8414047, 1548330602.8746643, 1548330602.9003623, 1548330602.9265497, 1548330602.9490094, 1548330603.315343, 1548330603.3954477, 1548330603.4220147, 1548330603.4464147, 1548330603.4755096, 1548330603.5031686, 1548330603.5237415, 1548330603.547897, 1548330603.5690482, 1548330603.5894115, 1548330603.6154199, 1548330603.6385536, 1548330603.659482, 1548330603.6816585, 1548330603.7018719, 1548330603.7235997, 1548330603.749785, 1548330603.7908123, 1548330603.8166654, 1548330603.8419118, 1548330603.877984, 1548330603.8999448, 1548330603.9264798, 1548330603.9555564, 1548330603.9905658, 1548330604.0532703, 1548330604.175917, 1548330604.2064493, 1548330604.2328124, 1548330604.261849, 1548330604.292535, 1548330604.3198519, 1548330604.352464, 1548330604.3933215, 1548330604.4321501, 1548330604.4734385, 1548330604.5011678, 1548330604.851605, 1548330604.9364774, 1548330604.967055, 1548330605.0019464, 1548330605.0267985, 1548330605.0546563, 1548330605.0781107, 1548330605.107059, 1548330605.1391687, 1548330605.169485, 1548330605.1980984, 1548330605.2456334, 1548330605.278289, 1548330605.304143, 1548330605.3349202], "episode_lengths": [12, 16, 13, 18, 15, 73, 31, 49, 36, 22, 20, 23, 21, 22, 11, 14, 11, 11, 12, 9, 10, 9, 12, 14, 11, 11, 9, 10, 14, 11, 10, 13, 13, 9, 11, 9, 9, 10, 9, 9, 10, 9, 9, 11, 16, 10, 10, 15, 9, 11, 12, 13, 26, 55, 13, 11, 12, 14, 12, 14, 16, 15, 16, 10, 9, 13, 13, 15, 10, 12, 10, 12, 11, 10, 11, 21, 14, 10, 11], "episode_rewards": [12.0, 16.0, 13.0, 18.0, 15.0, 73.0, 31.0, 49.0, 36.0, 22.0, 20.0, 23.0, 21.0, 22.0, 11.0, 14.0, 11.0, 11.0, 12.0, 9.0, 10.0, 9.0, 12.0, 14.0, 11.0, 11.0, 9.0, 10.0, 14.0, 11.0, 10.0, 13.0, 13.0, 9.0, 11.0, 9.0, 9.0, 10.0, 9.0, 9.0, 10.0, 9.0, 9.0, 11.0, 16.0, 10.0, 10.0, 15.0, 9.0, 11.0, 12.0, 13.0, 26.0, 55.0, 13.0, 11.0, 12.0, 14.0, 12.0, 14.0, 16.0, 15.0, 16.0, 10.0, 9.0, 13.0, 13.0, 15.0, 10.0, 12.0, 10.0, 12.0, 11.0, 10.0, 11.0, 21.0, 14.0, 10.0, 11.0], "episode_types": ["t", "t", "t", "t", "t", "t", "t", "t", "t", "t", "t", "t", "t", "t", "t", "t", "t", "t", "t", "t", "t", "t", "t", "t", "t", "t", "t", "t", "t", "t", "t", "t", "t", "t", "t", "t", "t", "t", "t", "t", "t", "t", "t", "t", "t", "t", "t", "t", "t", "t", "t", "t", "t", "t", "t", "t", "t", "t", "t", "t", "t", "t", "t", "t", "t", "t", "t", "t", "t", "t", "t", "t", "t", "t", "t", "t", "t", "t", "t", "t"]}